wid,model,regime_changed,auc_post,mcc_post,bal_post,acc_post,ece_post,dsi_post,acc_pre,DR
0,tcn,0,0.6512921731545576,0.20332590102325793,0.60471019760017,0.6185897435897436,0.11311524509428403,0.6791112970222637,0.5607638888888888,-0.10311979042629212
0,anfis,0,0.6688783819280274,0.10018048746260763,0.5141843971631206,0.36574074074074076,0.2471898301608032,0.8786818388650651,0.3717948717948718,0.01628352490421455
0,har,0,0.5212188074599422,0.0,0.5,0.6527777777777778,0.01560008962647419,0.9990208696455979,0.6314102564102564,-0.03384094754653136
0,garch,0,0.5860047281323877,0.0,0.5,0.6527777777777778,0.08642003090963066,0.9348067850626172,0.6314102564102564,-0.03384094754653136
0,majority,0,0.5,0.0,0.5,0.6527777777777778,0.3472222222222222,1.0,0.6314102564102564,0.0
1,tcn,0,0.5578369291826236,0.13857111287033627,0.5609998862472985,0.6802884615384615,0.1343009305926852,0.6683653629260977,0.6111111111111112,-0.11319930069930047
1,anfis,0,0.5956557104723499,-0.06081199849410544,0.4973821989528796,0.2932098765432099,0.3005923644444088,0.8834312165788791,0.34935897435897434,0.1607203533809037
1,har,0,0.5126880291452336,0.0,0.5,0.7052469135802469,0.037884597374803375,0.9998656500664003,0.6634615384615384,-0.06298085525138673
1,garch,0,0.5317401216676022,0.0,0.5,0.7052469135802469,0.020937028062512724,0.945698691837944,0.6634615384615384,-0.06298085525138673
1,majority,0,0.5,0.0,0.5,0.7052469135802469,0.29475308641975306,1.0,0.6634615384615384,0.0
2,tcn,0,0.6189453125,0.11235619151231893,0.5677389705882353,0.7435897435897436,0.324402234588678,0.8659362492230281,0.5486111111111112,-0.3554040895813047
2,anfis,0,0.36761049002194124,-0.2321760464161524,0.4300804513634939,0.13117283950617284,0.5216615212690316,0.7915002362278144,0.391025641025641,0.6645415907710991
2,har,0,0.5882352941176471,0.0,0.5,0.8688271604938271,0.20111398614437806,0.9995143744494414,0.6282051282051282,-0.3830309901738473
2,garch,0,0.5902413540904816,0.0,0.5,0.8688271604938271,0.194387564868338,0.9698159865629737,0.6282051282051282,-0.3830309901738473
2,majority,0,0.5,0.0,0.5,0.8688271604938271,0.13117283950617284,1.0,0.6282051282051282,0.0
3,tcn,0,0.835582038731645,0.6242446406538393,0.7815865077676101,0.8149038461538461,0.15898838500157955,0.6491884992257049,0.7881944444444444,-0.03388681802778721
3,anfis,0,0.6850093928614254,-0.07728889500986133,0.4893281106359167,0.38580246913580246,0.21758727653434978,0.8831748508910605,0.13782051282051283,-1.7993109388458224
3,har,0,0.17851432910987647,0.0,0.5,0.6080246913580247,0.05927091225190784,0.9999923362714376,0.8621794871794872,0.2947817706182018
3,garch,0,0.7809065110516007,0.0,0.5,0.6080246913580247,0.0628234541533298,0.9614013178949717,0.8621794871794872,0.2947817706182018
3,majority,0,0.5,0.0,0.5,0.6080246913580247,0.39197530864197533,1.0,0.8621794871794872,0.0
4,tcn,1,0.7455518573307034,0.34785849490080945,0.6698717948717949,0.6698717948717949,0.0842316675429734,0.6325348591961085,0.8541666666666666,0.21575984990619126
4,anfis,1,0.6101381257631258,-0.06395082379109712,0.48340201465201466,0.4675925925925926,0.14629659800140626,0.7888387888770788,0.15705128205128205,-1.977324263038549
4,har,1,0.3189293345543345,0.0,0.5,0.5185185185185185,0.14873095790605745,0.9998528956746204,0.8493589743589743,0.38951781970649896
4,garch,1,0.6571466727716728,0.0,0.5,0.5185185185185185,0.13719501959267494,0.9717557170016071,0.8493589743589743,0.38951781970649896
4,majority,1,0.5,0.0,0.5,0.5185185185185185,0.48148148148148145,1.0,0.8493589743589743,0.0
5,tcn,1,0.5946113264427217,0.08872682991699213,0.5570628768303186,0.4551282051282051,0.35598128780913657,0.8570318361106248,0.7013888888888888,0.35110434120335104
5,anfis,1,0.5274862825788752,-0.04198087805296924,0.48240740740740745,0.22993827160493827,0.3929546216048621,0.8354854367059342,0.6923076923076923,0.6678669410150891
5,har,1,0.5012688614540466,0.0,0.5,0.8333333333333334,0.16626536562174501,0.9994414758382063,0.2564102564102564,-2.2500000000000004
5,garch,1,0.516820987654321,-0.09143373894445826,0.4759259259259259,0.7932098765432098,0.1938823692751503,0.8573079973182457,0.2564102564102564,-2.093518518518519
5,majority,1,0.5,0.0,0.5,0.8333333333333334,0.16666666666666666,1.0,0.2564102564102564,0.0
6,tcn,1,0.6541551869861585,0.17999930616452006,0.5910864625753268,0.6081730769230769,0.12775694896490908,0.5538594457352521,0.7326388888888888,0.16988698505286184
6,anfis,1,0.7036585365853658,-0.042354747116551246,0.49701783152285306,0.36574074074074076,0.22948116809129718,0.8437756824537647,0.20512820512820512,-0.7829861111111113
6,har,1,0.5996720639475303,0.0,0.5,0.6327160493827161,0.034014494628560876,0.9975374538910644,0.8012820512820513,0.21037037037037037
6,garch,1,0.596505431440869,0.0,0.5,0.6327160493827161,0.0631886362801775,0.914616971597385,0.8012820512820513,0.21037037037037037
6,majority,1,0.5,0.0,0.5,0.6327160493827161,0.36728395061728397,1.0,0.8012820512820513,0.0
7,tcn,0,0.6871381354000456,0.2559742521303776,0.6268805561887394,0.6674679487179487,0.09554654660706337,0.5404829063866137,0.6128472222222222,-0.08912617127914574
7,anfis,0,0.6917431772237197,0.013176010486404483,0.5014319407008087,0.35030864197530864,0.24807504780682518,0.8382065574083478,0.34615384615384615,-0.012002743484224995
7,har,0,0.5636476583557952,0.0,0.5,0.654320987654321,0.012908790186137997,0.9971492791263118,0.6538461538461539,-0.0007262164124909386
7,garch,0,0.6045211421832883,0.08491520438711159,0.5181519541778976,0.6574074074074074,0.05539771105022545,0.8257400024310886,0.6538461538461539,-0.005446623093681955
7,majority,0,0.5,0.0,0.5,0.654320987654321,0.345679012345679,1.0,0.6538461538461539,0.0
8,tcn,1,0.6790035774410774,0.2459578159484358,0.6229166666666667,0.6129807692307692,0.10397839011290134,0.8342365283818332,0.6302083333333333,0.027336300063572783
8,anfis,1,0.6905396825396827,-0.008868944915904136,0.49950183150183153,0.4212962962962963,0.19019635982903438,0.863392619282734,0.2948717948717949,-0.4287439613526569
8,har,1,0.6549059829059829,0.0,0.5,0.5787037037037037,0.08860013740629136,0.9992843331530988,0.7019230769230769,0.17554540842212066
8,garch,1,0.6281709401709401,-0.08413981653514316,0.4804835164835165,0.5509259259259259,0.13735592728170365,0.8032556067069057,0.7019230769230769,0.2151192288178589
8,majority,1,0.5,0.0,0.5,0.5787037037037037,0.4212962962962963,1.0,0.7019230769230769,0.0
9,tcn,1,0.7232108410493827,0.3365350757191455,0.6656539351851851,0.7203525641025641,0.0839759380204412,0.572317571275178,0.6041666666666667,-0.19230769230769215
9,anfis,1,0.697802623567831,-0.05451263822682467,0.4948580284496596,0.3117283950617284,0.2624977169857349,0.8914516591677097,0.5064102564102564,0.38443506797937177
9,har,1,0.6585265954502684,0.0,0.5,0.6867283950617284,0.019348777441250853,0.9998457854857449,0.49038461538461536,-0.40038731541999534
9,garch,1,0.6969170310510876,0.07648781075233389,0.5131787236397852,0.6882716049382716,0.03391850571719915,0.8986373396963939,0.49038461538461536,-0.4035342532074558
9,majority,1,0.5,0.0,0.5,0.6867283950617284,0.3132716049382716,1.0,0.49038461538461536,0.0
10,tcn,1,0.7551817345295606,0.36433484725507487,0.6907177363699103,0.6939102564102564,0.15639389530779457,0.6031011533531099,0.5711805555555556,-0.2148702361468318
10,anfis,1,0.7694687433326222,0.17657009672121363,0.5583635587796032,0.4243827160493827,0.23493821762594178,0.8463948486147311,0.46153846153846156,0.0805041152263375
10,har,1,0.6547791764454874,0.0,0.5,0.6635802469135802,0.0037270355209993444,0.9999145575150069,0.5352564102564102,-0.2397427367487247
10,garch,1,0.6336035843823341,-0.10187762981036283,0.4848837209302326,0.6435185185185185,0.01907824470597727,0.9206741957527216,0.5352564102564102,-0.20226214238190285
10,majority,1,0.5,0.0,0.5,0.6635802469135802,0.33641975308641975,1.0,0.5352564102564102,0.0
11,tcn,1,0.717526763482855,0.3162217334140641,0.6644484889849467,0.7099358974358974,0.19978344029723066,0.822203958927624,0.6753472222222223,-0.05121613604904066
11,anfis,1,0.7367621527777777,0.046560667717272325,0.5100054824561404,0.32098765432098764,0.289059997294788,0.8636733602351895,0.32371794871794873,0.008434176751008536
11,har,1,0.7241410818713451,0.0,0.5,0.7037037037037037,0.03630183794416025,0.9997561093137415,0.7884615384615384,0.10749774164408306
11,garch,1,0.7428956505847953,0.0,0.5,0.7037037037037037,0.045168264549301125,0.9569492996119591,0.7884615384615384,0.10749774164408306
11,majority,1,0.5,0.0,0.5,0.7037037037037037,0.2962962962962963,1.0,0.7884615384615384,0.0
12,tcn,1,0.6524043249395362,0.23944439918411545,0.6101152368758003,0.6891025641025641,0.1120786315952547,0.6534583044285127,0.7569444444444444,0.08962597035991529
12,anfis,1,0.6728282828282828,-0.12513258563978136,0.485959595959596,0.2978395061728395,0.31365902304295784,0.8509935856885952,0.375,0.20576131687242802
12,har,1,0.4900112233445567,0.0,0.5,0.6944444444444444,0.027006845325620144,0.9996991832509511,0.6217948717948718,-0.11683848797250854
12,garch,1,0.558709315375982,0.0,0.5,0.6944444444444444,0.02437528382219145,0.9491150789034872,0.6217948717948718,-0.11683848797250854
12,majority,1,0.5,0.0,0.5,0.6944444444444444,0.3055555555555556,1.0,0.6217948717948718,0.0
13,tcn,1,0.7016989014057282,0.2724760648803787,0.6268672343989948,0.6642628205128205,0.061500177038117096,0.5869501879529483,0.6371527777777778,-0.04254873192202886
13,anfis,1,0.6607123144700794,0.0028334325544015354,0.5003211336016137,0.3904320987654321,0.20388428586316698,0.8456330128239605,0.2948717948717949,-0.32407407407407407
13,har,1,0.5586721125573274,0.0,0.5,0.6126543209876543,0.054777425869026064,0.9994813313947081,0.6923076923076923,0.11505486968449938
13,garch,1,0.5623250072756831,-0.10922037732346254,0.48488664987405544,0.5941358024691358,0.08989501738725486,0.9223933236476786,0.6923076923076923,0.14180384087791498
13,majority,1,0.5,0.0,0.5,0.6126543209876543,0.3873456790123457,1.0,0.6923076923076923,0.0
14,tcn,0,0.7190883755769253,0.3104230054907315,0.659983146624368,0.6610576923076923,0.1334866376545949,0.7093935362768534,0.6545138888888888,-0.009997959600081666
14,anfis,0,0.6277915632754343,0.04561025130992087,0.5110497797133742,0.4027777777777778,0.21386218415918173,0.8650226493142346,0.3782051282051282,-0.06497175141242945
14,har,0,0.7371550108877297,0.0,0.5,0.6219135802469136,0.0454046167772042,0.999883436271311,0.6506410256410257,0.04415252691114765
14,garch,0,0.756803565098496,0.0,0.5,0.6219135802469136,0.04394253244837312,0.9598468723743916,0.6506410256410257,0.04415252691114765
14,majority,0,0.5,0.0,0.5,0.6219135802469136,0.37808641975308643,1.0,0.6506410256410257,0.0
15,tcn,0,0.7284346846846846,0.3270364264768666,0.6781531531531532,0.6794871794871795,0.22134402692795568,0.8292759551477983,0.7135416666666666,0.04772599663110603
15,anfis,0,0.7407288599676929,-0.0306715605126469,0.4965229644735184,0.2962962962962963,0.30172729988892877,0.9041776742992805,0.2532051282051282,-0.170182841068917
15,har,0,0.3264632763183521,0.0,0.5,0.7052469135802469,0.03795056638976407,0.9999979133095347,0.7564102564102564,0.0676396735718769
15,garch,0,0.7004937734141397,0.0,0.5,0.7052469135802469,0.046744704943037195,0.9701738748241961,0.7564102564102564,0.0676396735718769
15,majority,0,0.5,0.0,0.5,0.7052469135802469,0.29475308641975306,1.0,0.7564102564102564,0.0
16,tcn,0,0.7387708194159808,0.3567932035646023,0.6770683544877094,0.7099358974358975,0.08367348319958323,0.5430789205226286,0.8211805555555556,0.13546918198080987
16,anfis,0,0.6739543430190913,-0.06268018034388302,0.4927746114796474,0.3533950617283951,0.2462272383272648,0.8919426153465198,0.3301282051282051,-0.07047824523552686
16,har,0,0.6669054366896093,0.0,0.5,0.6435185185185185,0.02380073903753066,0.9999495808170562,0.6666666666666666,0.03472222222222221
16,garch,0,0.6901180354417764,0.0,0.5,0.6435185185185185,0.02030346185559372,0.9604948990535274,0.6666666666666666,0.03472222222222221
16,majority,0,0.5,0.0,0.5,0.6435185185185185,0.35648148148148145,1.0,0.6666666666666666,0.0
17,tcn,1,0.7299458513373078,0.31472312426833693,0.6620056883443637,0.6594551282051282,0.13880845476897097,0.4436844116287763,0.6701388888888888,0.01594260661618169
17,anfis,1,0.7304785894206549,0.11885792048007479,0.5260369102933354,0.4228395061728395,0.21587838595848027,0.8361183609651109,0.4326923076923077,0.022770919067215425
17,har,1,0.691019298122372,0.0,0.5,0.6126543209876543,0.0548012339750773,0.999694158002138,0.5641025641025641,-0.08606902356902349
17,garch,1,0.7421698596044036,0.09169702405697483,0.5121579174485935,0.6203703703703703,0.04308132935071654,0.9368620385913503,0.5641025641025641,-0.09974747474747472
17,majority,1,0.5,0.0,0.5,0.6126543209876543,0.3873456790123457,1.0,0.5641025641025641,0.0
18,tcn,1,0.8067783045004001,0.30105010491210227,0.6431016437850151,0.5176282051282051,0.35653113813784265,0.6150635902199688,0.6527777777777777,0.20703764320785595
18,anfis,1,0.5689498673369641,-0.06901489521045072,0.46638039379974866,0.37191358024691357,0.3081322569433333,0.703139770962061,0.42948717948717946,0.13405196241017134
18,har,1,0.809430712656519,0.0,0.5,0.7129629629629629,0.04545937400758493,0.9997093309241372,0.5865384615384616,-0.2155434122647236
18,garch,1,0.7409114183307732,0.18727577438536566,0.5461527719592236,0.7283950617283951,0.12908799232008697,0.8800883851253538,0.5865384615384616,-0.24185387573365713
18,majority,1,0.5,0.0,0.5,0.7129629629629629,0.28703703703703703,1.0,0.5865384615384616,0.0
19,tcn,1,0.64310634682478,0.1304547584137647,0.5857390769898226,0.592948717948718,0.31841422124909097,0.5630577283571483,0.6232638888888888,0.04863938290122126
19,anfis,1,0.7546944909910689,0.23049214527086306,0.6534109558277333,0.5339506172839507,0.36338946648677917,0.8130694836779819,0.5288461538461539,-0.009652076318743045
19,har,1,0.42906006529963553,0.0,0.5,0.8348765432098766,0.16785979342115404,0.9990071022788789,0.5480769230769231,-0.5232835174355641
19,garch,1,0.46879264774474405,-0.0890880057513721,0.47689463955637706,0.7962962962962963,0.19224874757923324,0.8550568715516909,0.625,-0.274074074074074
19,majority,1,0.5,0.0,0.5,0.8348765432098766,0.16512345679012347,1.0,0.5480769230769231,0.0
20,tcn,0,0.6320911913958949,0.21586196213691503,0.6016700749829584,0.7475961538461539,0.12909038722640476,0.513985527094621,0.7934027777777777,0.057734388150142944
20,anfis,0,0.6345823406252257,0.05735393346764044,0.5077972709551657,0.22067901234567902,0.35633065160593874,0.8982550495348787,0.2532051282051282,0.1284575714955461
20,har,0,0.5305465309363945,0.0,0.5,0.7916666666666666,0.12370953594631776,0.9975103272641501,0.9006410256410257,0.12099644128113884
20,garch,0,0.5470074362861888,-0.09154684414630489,0.48050682261208577,0.7608024691358025,0.11411622995735136,0.8639594734393156,0.9006410256410257,0.15526558587056805
20,majority,0,0.5,0.0,0.5,0.7916666666666666,0.20833333333333334,1.0,0.9006410256410257,0.0
21,tcn,1,0.6803989539621723,0.2528408538284846,0.6098339719029373,0.7115384615384616,0.08233365453540897,0.7533030897888695,0.765625,0.07064364207221346
21,anfis,1,0.7198660714285713,0.0,0.5,0.30864197530864196,0.3005924755592405,0.900301642620413,0.1987179487179487,-0.5531660692951016
21,har,1,0.5822544642857141,0.0,0.5,0.691358024691358,0.023259011182964973,0.9994029421545657,0.8012820512820513,0.13718518518518527
21,garch,1,0.5927901785714287,0.0,0.5,0.691358024691358,0.04992117120453706,0.9775373878968063,0.8012820512820513,0.13718518518518527
21,majority,1,0.5,0.0,0.5,0.691358024691358,0.30864197530864196,1.0,0.8012820512820513,0.0
22,tcn,1,0.5986923807436628,0.09232626722157372,0.5437525437525437,0.5576923076923077,0.07274893685602227,0.8317331782822172,0.6631944444444444,0.15908175594039461
22,anfis,1,0.7219205459419937,0.033756684965046004,0.5013404825737265,0.42592592592592593,0.17272831766325747,0.8929207641629062,0.21794871794871795,-0.9542483660130718
22,har,1,0.4884621009017792,0.0,0.5,0.5756172839506173,0.09272866832670501,0.9992560693164637,0.782051282051282,0.2639647844565877
22,garch,1,0.4788203753351207,0.0,0.5,0.5756172839506173,0.1349953789629133,0.9480918081255252,0.782051282051282,0.2639647844565877
22,majority,1,0.5,0.0,0.5,0.5756172839506173,0.4243827160493827,1.0,0.782051282051282,0.0
23,tcn,1,0.7708949723892633,0.2727749998385572,0.6271162000790405,0.5865384615384616,0.1875241176249125,0.7297572977261799,0.5954861111111112,0.015025790535994656
23,anfis,1,0.8080022479352114,0.07457972556147179,0.5111292863809247,0.4027777777777778,0.25029353489294465,0.8734262477302666,0.532051282051282,0.24297188755020077
23,har,1,0.5125392636005098,0.0,0.5,0.6126543209876543,0.05454571730405888,0.9997085681355732,0.46794871794871795,-0.30923389142567215
23,garch,1,0.5984726083073248,-0.016322201919167507,0.4958754403042741,0.5941358024691358,0.10998867129455099,0.8279910053271731,0.46794871794871795,-0.269660071029934
23,majority,1,0.5,0.0,0.5,0.6126543209876543,0.3873456790123457,1.0,0.46794871794871795,0.0
24,tcn,0,0.7663786086625218,0.2252300921953308,0.6459094608870339,0.5809294871794872,0.35074384266940445,0.62117921277811,0.6197916666666667,0.06270200387847451
24,anfis,0,0.5854385990816069,-0.0802645647242204,0.45930721868678664,0.30092592592592593,0.36596448491198114,0.770363361911402,0.4326923076923077,0.3045267489711934
24,har,0,0.31556100225906947,0.0,0.5,0.7978395061728395,0.13054106316749697,0.9999978674113118,0.5544871794871795,-0.4388781845429243
24,garch,0,0.7127881051870008,0.0,0.5,0.7978395061728395,0.13656024536368278,0.9790263483302512,0.5544871794871795,-0.4388781845429243
24,majority,0,0.5,0.0,0.5,0.7978395061728395,0.2021604938271605,1.0,0.5544871794871795,0.0
25,tcn,0,0.7759735506539136,0.3672207928282571,0.699858481358579,0.671474358974359,0.20043693509740895,0.5759255131511027,0.5451388888888888,-0.23174914257716828
25,anfis,0,0.7409367038996667,0.04714324170256799,0.5060690943043884,0.30246913580246915,0.2960824260465157,0.8901105857476592,0.14102564102564102,-1.144781144781145
25,har,0,0.5312791783380019,0.0,0.5,0.7083333333333334,0.04123189970403107,0.9988369378523166,0.8942307692307693,0.2078853046594982
25,garch,0,0.6353356157277726,0.0,0.5,0.7083333333333334,0.05741795180361431,0.9508756590545332,0.8942307692307693,0.2078853046594982
25,majority,0,0.5,0.0,0.5,0.7083333333333334,0.2916666666666667,1.0,0.8942307692307693,0.0
26,tcn,0,0.7628322259136213,0.4194907347814123,0.7000207641196013,0.7139423076923077,0.0730738062098121,0.4608905091313759,0.71875,0.006688963210702318
26,anfis,0,0.7529017857142858,0.0,0.5,0.43209876543209874,0.18833324506326957,0.8696381901554674,0.24358974358974358,-0.7738791423001948
26,har,0,0.6782899844720497,0.0,0.5,0.5679012345679012,0.09946670419284054,0.9991914572155496,0.7596153846153846,0.25238318487263633
26,garch,0,0.6684976708074533,0.0,0.5,0.5679012345679012,0.0968903050367925,0.9489008267133491,0.7596153846153846,0.25238318487263633
26,majority,0,0.5,0.0,0.5,0.5679012345679012,0.43209876543209874,1.0,0.7596153846153846,0.0
27,tcn,1,0.6917557565789474,0.3097201168439392,0.6538240131578947,0.6546474358974359,0.14373047655641505,0.35914070156681177,0.7586805555555556,0.137123745819398
27,anfis,1,0.7047274876997597,0.14530440205941678,0.5295587169609824,0.5154320987654321,0.12981617505903595,0.8417076785613468,0.40384615384615385,-0.27630805408583176
27,har,1,0.5290438231816622,0.0,0.5,0.5154320987654321,0.15145874415730493,0.9991157153416321,0.6057692307692307,0.14912796394277877
27,garch,1,0.5604618787901903,0.0,0.5,0.5154320987654321,0.13895791109630995,0.9625809949065057,0.6057692307692307,0.14912796394277877
27,majority,1,0.5,0.0,0.5,0.5154320987654321,0.4845679012345679,1.0,0.6057692307692307,0.0
28,tcn,1,0.8504770455627191,0.44691663836060624,0.7255311323612132,0.6987179487179487,0.2246344904933955,0.2826183920476071,0.6197916666666667,-0.1273432449903036
28,anfis,1,0.666854271356784,0.2031409346966558,0.602462311557789,0.5756172839506173,0.1738506038367812,0.6646546115272316,0.5160256410256411,-0.11548194156889798
28,har,1,0.643608040201005,0.0,0.5,0.6141975308641975,0.052823579829330614,0.9995393025422775,0.49038461538461536,-0.2524812394093439
28,garch,1,0.6879899497487436,0.3970968472153896,0.6665427135678392,0.7237654320987654,0.12438898967137185,0.780411666698733,0.49038461538461536,-0.4759138223190511
28,majority,1,0.5,0.0,0.5,0.6141975308641975,0.38580246913580246,1.0,0.49038461538461536,0.0
29,tcn,1,0.7209786673409366,0.22684147951108635,0.611517373541115,0.4655448717948718,0.3365061256604699,0.744484940457211,0.7065972222222222,0.3411453411453411
29,anfis,1,0.656936211676546,0.12814338111530563,0.568045518345378,0.4984567901234568,0.2636011240978781,0.6042845686302638,0.49038461538461536,-0.016460905349794268
29,har,1,0.4146647024023571,0.0,0.5,0.7114197530864198,0.045236062232938856,0.9979076741745738,0.4198717948717949,-0.6943737630760533
29,garch,1,0.6679271984873618,0.3318974532916704,0.6003688795573445,0.7592592592592593,0.12676079817443947,0.7076512492735876,0.5384615384615384,-0.41005291005291017
29,majority,1,0.5,0.0,0.5,0.7114197530864198,0.28858024691358025,1.0,0.4198717948717949,0.0
30,tcn,0,0.7431939067761937,0.3063538022316303,0.6532354514839644,0.640224358974359,0.12487039412968814,0.5990334317115682,0.8003472222222222,0.20006674453529108
30,anfis,0,0.7690780225505518,-0.0941442758304769,0.49250936329588013,0.4058641975308642,0.2384814411792674,0.8497490983236888,0.09294871794871795,-3.3665389527458496
30,har,0,0.6585370648893607,0.0,0.5,0.5879629629629629,0.07248774426333165,0.9911117682982795,0.9519230769230769,0.3823419378974935
30,garch,0,0.649552232937175,0.0007722385858687534,0.5001621988262703,0.5802469135802469,0.1008487359278154,0.8598001949462977,0.9519230769230769,0.390447686743983
30,majority,0,0.5,0.0,0.5,0.5879629629629629,0.41203703703703703,1.0,0.9519230769230769,0.0
31,tcn,0,0.8630507713605129,0.5614953455990831,0.777836324407917,0.813301282051282,0.09775855695158661,0.46527906298562166,0.7083333333333333,-0.1481900452488689
31,anfis,0,0.8665160244655554,0.13560194918763957,0.5414128030096892,0.3487654320987654,0.3460308390175119,0.8434403292985407,0.5608974358974359,0.3782010582010582
31,har,0,0.7399174228353069,0.0,0.5,0.720679012345679,0.054168133092432624,0.9946505479049071,0.4326923076923077,-0.6655692729766802
31,garch,0,0.7312574680279675,0.4392419084926459,0.6913589740556272,0.7916666666666666,0.2047221953441726,0.7099516433273766,0.4326923076923077,-0.8296296296296295
31,majority,0,0.5,0.0,0.5,0.720679012345679,0.279320987654321,1.0,0.4326923076923077,0.0
32,tcn,1,0.5296840391496128,0.041933025085898926,0.5156513261268765,0.7940705128205128,0.15088099294599744,0.6172000037570806,0.8107638888888888,0.020589688683907096
32,anfis,1,0.6840356334841629,0.04455884034675778,0.5147765837104072,0.21141975308641975,0.39433690169711166,0.9047545522119245,0.44871794871794873,0.5288359788359789
32,har,1,0.5610152714932127,0.0,0.5,0.8395061728395061,0.17142261710540913,0.996101656261959,0.5416666666666666,-0.5498575498575499
32,garch,1,0.5606264140271493,0.04507527326795696,0.5147765837104072,0.8055555555555556,0.16890383955302055,0.7604799142743712,0.7051282051282052,-0.14242424242424237
32,majority,1,0.5,0.0,0.5,0.8395061728395061,0.16049382716049382,1.0,0.5416666666666666,0.0
33,tcn,1,0.5641210113296978,0.14348867536041301,0.5658833415958309,0.6594551282051282,0.16256862520822324,0.5232133334281003,0.8194444444444444,0.19524119947848761
33,anfis,1,0.5877519781196889,-0.08418871808260714,0.4949238578680203,0.30092592592592593,0.29941033240821624,0.9158831749304204,0.22756410256410256,-0.322378716744914
33,har,1,0.6637140252343918,0.0,0.5,0.6959876543209876,0.027381877409485555,0.9981563300835598,0.8621794871794872,0.1927578135756575
33,garch,1,0.5965873918083896,0.0,0.5,0.6959876543209876,0.07174993556413446,0.9161603625059651,0.8397435897435898,0.1711902742437094
33,majority,1,0.5,0.0,0.5,0.6959876543209876,0.30401234567901236,1.0,0.8621794871794872,0.0
34,tcn,1,0.6216939128123338,0.1503193067065583,0.5525983519404571,0.6482371794871795,0.04867581398083039,0.7226471251534651,0.7638888888888888,0.1513986013986013
34,anfis,1,0.5336904514250052,-0.0778800148293054,0.48858955689619304,0.35030864197530864,0.25688264822518386,0.8894591052373414,0.23717948717948717,-0.47697697697697705
34,har,1,0.5213438735177865,0.0,0.5,0.6450617283950617,0.024011182901875094,0.9982115706037391,0.7660256410256411,0.15791104912443835
34,garch,1,0.5445080091533181,0.0,0.5,0.6450617283950617,0.0962406684662369,0.9417282293791135,0.7660256410256411,0.15791104912443835
34,majority,1,0.5,0.0,0.5,0.6450617283950617,0.3549382716049383,1.0,0.7660256410256411,0.0
35,tcn,1,0.6256329113924051,0.15185590092034945,0.5872362869198313,0.6065705128205128,0.25523283117665685,0.8610429190034079,0.6024305555555556,-0.006872090445577361
35,anfis,1,0.6727251407129456,0.02213745072200972,0.5010162601626016,0.24228395061728394,0.33425914969893156,0.9074381408365011,0.391025641025641,0.3803885853066181
35,har,1,0.5728840942255575,0.0,0.5,0.7592592592592593,0.08908145917559948,0.9972083060603028,0.6185897435897436,-0.22740356937248132
35,garch,1,0.5856524911402959,0.0,0.5,0.7592592592592593,0.03469899371308324,0.9446073147618861,0.6185897435897436,-0.22740356937248132
35,majority,1,0.5,0.0,0.5,0.7592592592592593,0.24074074074074073,1.0,0.6185897435897436,0.0
36,tcn,1,0.6009944264865388,0.13561235150982665,0.5653008515984922,0.5713141025641026,0.09774117805780125,0.8016789426522455,0.5833333333333333,0.020604395604395344
36,anfis,1,0.594538151005236,0.0611415072126357,0.5069147447939566,0.4012345679012346,0.20031734091448197,0.8898358265698388,0.3173076923076923,-0.2644968200523757
36,har,1,0.5209240976857588,0.0,0.5,0.6080246913580247,0.05967302870088609,0.9997317151917589,0.6891025641025641,0.11765719207579667
36,garch,1,0.6122946560613933,0.0,0.5,0.6080246913580247,0.0959913670897985,0.9591291952558407,0.6891025641025641,0.11765719207579667
36,majority,1,0.5,0.0,0.5,0.6080246913580247,0.39197530864197533,1.0,0.6891025641025641,0.0
37,tcn,0,0.6798805044299918,0.2362585288770636,0.6231231140978325,0.65625,0.1531653984879645,0.6470978112734485,0.53125,-0.23529411764705882
37,anfis,0,0.7289181273956673,0.06129241484400873,0.5080322149963392,0.3425925925925926,0.25748491314826183,0.8973840952571734,0.34935897435897434,0.019367991845055943
37,har,0,0.45432619837202287,0.0,0.5,0.6697530864197531,0.0024566430651146165,0.999994541562096,0.6698717948717948,0.00017721070352645556
37,garch,0,0.7288104569533571,0.0,0.5,0.6697530864197531,0.008899754804420092,0.9735094444407417,0.6698717948717948,0.00017721070352645556
37,majority,0,0.5,0.0,0.5,0.6697530864197531,0.33024691358024694,1.0,0.6698717948717948,0.0
38,tcn,1,0.7239376218323587,0.32763684706280344,0.670233918128655,0.6594551282051282,0.16604276168613863,0.8482452503410824,0.5243055555555556,-0.2577687213448802
38,anfis,1,0.6070186498555293,-0.04321943214258865,0.49016548463356974,0.3533950617283951,0.23949883018194898,0.8558079900054044,0.38782051282051283,0.08876645240281603
38,har,1,0.23766745468873127,0.0,0.5,0.6527777777777778,0.014520111893733145,0.9999969562771202,0.6057692307692307,-0.07760141093474436
38,garch,1,0.7286052009456265,0.0,0.5,0.6527777777777778,0.01465624451982922,0.9886599377510835,0.6057692307692307,-0.07760141093474436
38,majority,1,0.5,0.0,0.5,0.6527777777777778,0.3472222222222222,1.0,0.6057692307692307,0.0
39,tcn,0,0.5399539886684859,0.048490976398309335,0.5237001186994457,0.6049679487179487,0.16682719219422254,0.5633649216650548,0.6649305555555556,0.09017875075316338
39,anfis,0,0.5457177871528192,-0.0032292478880378652,0.49934929018404245,0.33796296296296297,0.27462613969368654,0.8821520762567877,0.41025641025641024,0.17621527777777773
39,har,0,0.6913357988005249,0.0,0.5,0.6743827160493827,0.007065979138255074,0.9998701036214335,0.6121794871794872,-0.10160946286600728
39,garch,0,0.6912924181461277,0.0,0.5,0.6743827160493827,0.049188811923960685,0.9599814889567556,0.6121794871794872,-0.10160946286600728
39,majority,0,0.5,0.0,0.5,0.6743827160493827,0.3256172839506173,1.0,0.6121794871794872,0.0
40,tcn,1,0.671978760496653,0.22602402326101334,0.6229755266624968,0.6626602564102564,0.16803518248101074,0.5505039918083905,0.5555555555555556,-0.19278846153846144
40,anfis,1,0.698207502374169,0.1038468453493974,0.5243589743589744,0.31790123456790126,0.3203968448035511,0.8596587830942762,0.21153846153846154,-0.5028058361391696
40,har,1,0.7320156695156694,0.0,0.5,0.7222222222222222,0.05466297920034441,0.9995277701926233,0.8012820512820513,0.09866666666666672
40,garch,1,0.6441951566951567,0.0,0.5,0.7222222222222222,0.04912093235970755,0.9786324249002518,0.8012820512820513,0.09866666666666672
40,majority,1,0.5,0.0,0.5,0.7222222222222222,0.2777777777777778,1.0,0.8012820512820513,0.0
41,tcn,1,0.6888891209893048,0.2795979857857964,0.6398729946524064,0.6434294871794872,0.11779553261704932,0.7795797122805601,0.8038194444444444,0.19953480644625346
41,anfis,1,0.6036797709332921,0.05966423100341538,0.5120143940566476,0.45524691358024694,0.20731150925326172,0.7888633100022469,0.17307692307692307,-1.6303155006858712
41,har,1,0.6633841510602074,0.0,0.5,0.5617283950617284,0.10553558830969528,0.9993082179368323,0.8910256410256411,0.3695710098587796
41,garch,1,0.669033431357375,0.0,0.5,0.5617283950617284,0.10491989591068758,0.9624464261903881,0.8910256410256411,0.3695710098587796
41,majority,1,0.5,0.0,0.5,0.5617283950617284,0.4382716049382716,1.0,0.8910256410256411,0.0
42,tcn,1,0.8059041275275047,0.41140857000460873,0.6995169256467628,0.6915064102564102,0.13585602894771653,0.4048598998463968,0.6579861111111112,-0.050943779175969046
42,anfis,1,0.6742473633748802,-0.052562906821696495,0.4868744007670182,0.4521604938271605,0.1603326345123796,0.777606470223845,0.3333333333333333,-0.35648148148148157
42,har,1,0.7315819750719079,0.0,0.5,0.5401234567901234,0.12703552472504953,0.9992497957850563,0.6666666666666666,0.18981481481481483
42,garch,1,0.6958293384467882,0.0,0.5,0.5401234567901234,0.10941563800065918,0.952799626540665,0.6666666666666666,0.18981481481481483
42,majority,1,0.5,0.0,0.5,0.5401234567901234,0.45987654320987653,1.0,0.6666666666666666,0.0
43,tcn,1,0.7068948412698413,0.24037072148080274,0.6271008403361344,0.5913461538461539,0.22467308305203915,0.7861001248220028,0.6180555555555556,0.04321521175453762
43,anfis,1,0.6722089736795619,0.06516522514722091,0.5268945416004239,0.404320987654321,0.2635565975473987,0.8130939315802354,0.391025641025641,-0.034001214329083235
43,har,1,0.6052044691750573,0.0,0.5,0.6851851851851852,0.017939148047173004,0.9998159076357775,0.5608974358974359,-0.22158730158730167
43,garch,1,0.6512652358240594,0.0,0.5,0.6851851851851852,0.029023070384552263,0.9624410848068808,0.5608974358974359,-0.22158730158730167
43,majority,1,0.5,0.0,0.5,0.6851851851851852,0.3148148148148148,1.0,0.5608974358974359,0.0
44,tcn,1,0.6230993844373125,0.1612858569003771,0.5749000368285369,0.6931089743589743,0.12843213827447753,0.5213239581956431,0.7725694444444444,0.10285220397579947
44,anfis,1,0.5848997650352448,-0.029878474431804365,0.4943758436234565,0.2654320987654321,0.290865416466086,0.9350098974599331,0.4391025641025641,0.39551230062178966
44,har,1,0.5250337449382593,0.0,0.5,0.7438271604938271,0.07661150223715035,0.9993086490999168,0.592948717948718,-0.2544544544544544
44,garch,1,0.48811428285757136,0.0,0.5,0.7438271604938271,0.08071940865362745,0.9532977588042465,0.592948717948718,-0.2544544544544544
44,majority,1,0.5,0.0,0.5,0.7438271604938271,0.25617283950617287,1.0,0.592948717948718,0.0
45,tcn,0,0.5853252293846064,0.09627333427577395,0.5371982934954123,0.7339743589743589,0.10548912623049453,0.631648931553184,0.625,-0.17435897435897427
45,anfis,0,0.5775665148214169,0.10442139925376083,0.5306001188354129,0.2932098765432099,0.3214625395190569,0.9162445421911443,0.375,0.21810699588477359
45,har,0,0.4411434607513039,0.0,0.5,0.7638888888888888,0.09627724340073507,0.9986085692003865,0.6602564102564102,-0.15695792880258894
45,garch,0,0.4440879382055853,0.07730403850921203,0.5175282234105764,0.7561728395061729,0.0978985141317765,0.8753652982624072,0.6602564102564102,-0.14527148507731039
45,majority,0,0.5,0.0,0.5,0.7638888888888888,0.2361111111111111,1.0,0.6602564102564102,0.0
46,tcn,0,0.767012736677728,0.39542796179270706,0.6495461643568221,0.7692307692307692,0.06164284777015639,0.7055773347865816,0.7361111111111112,-0.04499274310595049
46,anfis,0,0.6460741376196496,0.01967208272324539,0.5018737583528987,0.30709876543209874,0.2920853286797618,0.9281212346073496,0.23717948717948717,-0.29479479479479476
46,har,0,0.6986522485100235,0.0,0.5,0.6975308641975309,0.0300306928194366,0.9997578085988081,0.7948717948717948,0.12246117084826759
46,garch,0,0.6722390283547047,0.0,0.5,0.6975308641975309,0.013378992058157735,0.977952507421015,0.7948717948717948,0.12246117084826759
46,majority,0,0.5,0.0,0.5,0.6975308641975309,0.30246913580246915,1.0,0.7948717948717948,0.0
47,tcn,0,0.7996260500005548,0.45382758997278816,0.7338630033622211,0.7291666666666666,0.16227047854604632,0.7563993385030099,0.6701388888888888,-0.08808290155440417
47,anfis,0,0.6823694612024133,-0.11916473201137281,0.4769606823382567,0.3441358024691358,0.2587330481152475,0.8368606701823992,0.1987179487179487,-0.7317801672640382
47,har,0,0.45585604327023094,0.0,0.5,0.6450617283950617,0.02223459682390394,0.9999968438073463,0.8044871794871795,0.19817028183562055
47,garch,0,0.6573538589556897,0.0,0.5,0.6450617283950617,0.02140667373191557,0.9650567510334821,0.8044871794871795,0.19817028183562055
47,majority,0,0.5,0.0,0.5,0.6450617283950617,0.3549382716049383,1.0,0.8044871794871795,0.0
48,tcn,0,0.6633091248794599,0.24993116181469577,0.6367827868852458,0.7139423076923077,0.21881356096277252,0.727017321350798,0.6909722222222223,-0.03324313877077684
48,anfis,0,0.5871007582720589,-0.06791207583263933,0.4788028492647059,0.2361111111111111,0.35208694411464686,0.8521644885951414,0.5416666666666666,0.5641025641025641
48,har,0,0.4985207950367647,0.0,0.5,0.7901234567901234,0.12257469411653832,0.9998499925932743,0.3685897435897436,-1.1436392914653781
48,garch,0,0.4444795496323529,0.0,0.5,0.7901234567901234,0.12069399780232942,0.9909210585674018,0.3685897435897436,-1.1436392914653781
48,majority,0,0.5,0.0,0.5,0.7901234567901234,0.20987654320987653,1.0,0.3685897435897436,0.0
49,tcn,0,0.6998774714564189,0.27795443232461003,0.6427318295739348,0.6546474358974359,0.09668707314472741,0.604020300807395,0.6666666666666666,0.01802884615384609
49,anfis,0,0.713338586813764,0.028672722730399638,0.5011820330969267,0.3487654320987654,0.22196472560365993,0.9024178364988106,0.2564102564102564,-0.3601851851851853
49,har,0,0.6190070921985815,0.0,0.5,0.6527777777777778,0.01473221289917337,0.9995026543737343,0.7564102564102564,0.13700564971751408
49,garch,0,0.5232256369845022,0.0,0.5,0.6527777777777778,0.04752187491477261,0.9538026314119569,0.7564102564102564,0.13700564971751408
49,majority,0,0.5,0.0,0.5,0.6527777777777778,0.3472222222222222,1.0,0.7564102564102564,0.0
50,tcn,0,0.718098595553534,0.30363849236684204,0.6545090123386592,0.6786858974358974,0.12087614220590931,0.6700770819265003,0.578125,-0.1739431739431738
50,anfis,0,0.7317911557041991,0.029578211844098177,0.502694165737644,0.36574074074074076,0.22092956697775254,0.8887868610351174,0.46153846153846156,0.20756172839506173
50,har,0,0.6928341384863124,0.0,0.5,0.6388888888888888,0.02839079847811793,0.9990937524591623,0.5544871794871795,-0.1522157996146434
50,garch,0,0.6796626615467194,0.1499194847486144,0.5201597918989224,0.6527777777777778,0.02372115726631061,0.928713224891428,0.5544871794871795,-0.17726396917148357
50,majority,0,0.5,0.0,0.5,0.6388888888888888,0.3611111111111111,1.0,0.5544871794871795,0.0
51,tcn,0,0.7733892321270963,0.37689784721999886,0.692926325080132,0.7139423076923077,0.10685108634583557,0.4891633525148035,0.6440972222222222,-0.10843873108024056
51,anfis,0,0.7587532399068665,0.026839247497043528,0.501131221719457,0.3194444444444444,0.26161507172165094,0.8816017457720167,0.2724358974358974,-0.17254901960784316
51,har,0,0.6799630980099283,0.0,0.5,0.6820987654320988,0.014632656814431655,0.9994162252376735,0.7243589743589743,0.05834152736807597
51,garch,0,0.6571629398585423,0.0,0.5,0.6820987654320988,0.009275674924893895,0.9702542243247397,0.7243589743589743,0.05834152736807597
51,majority,0,0.5,0.0,0.5,0.6820987654320988,0.31790123456790126,1.0,0.7243589743589743,0.0
52,tcn,0,0.6580738087823108,0.13820349152846395,0.5714574898785425,0.7051282051282051,0.14947983257484454,0.5592819486498359,0.6354166666666667,-0.10970996216897834
52,anfis,0,0.6685031185031185,0.09610161931789304,0.5222007722007722,0.2361111111111111,0.3804040549345958,0.8747501048211535,0.483974358974359,0.512141280353201
52,har,0,0.5341253341253341,0.0,0.5,0.7993827160493827,0.13202395826726598,0.9999010695597694,0.5192307692307693,-0.5395518975765888
52,garch,0,0.4982179982179983,0.0,0.5,0.7993827160493827,0.12137505995705822,0.9739983968895713,0.5192307692307693,-0.5395518975765888
52,majority,0,0.5,0.0,0.5,0.7993827160493827,0.2006172839506173,1.0,0.5192307692307693,0.0
53,tcn,0,0.7154179061201258,0.3658147712602383,0.6725184978361022,0.7059294871794872,0.08453565415066595,0.5155446213355694,0.5746527777777778,-0.2284452707413433
53,anfis,0,0.7167910184054034,-0.05612953321087236,0.49361919088917383,0.37808641975308643,0.24508937264298217,0.8159976108271042,0.27884615384615385,-0.35589612601106857
53,har,0,0.7192443991236485,0.0,0.5,0.6188271604938271,0.04843232225702465,0.99985660292894,0.7243589743589743,0.14568993772533598
53,garch,0,0.7647985299908123,0.0,0.5,0.6188271604938271,0.04919678243936959,0.9791710731227298,0.7243589743589743,0.14568993772533598
53,majority,0,0.5,0.0,0.5,0.6188271604938271,0.38117283950617287,1.0,0.7243589743589743,0.0
54,tcn,0,0.8021241311174623,0.4676851122202671,0.744451501358456,0.75,0.11772607509285593,0.5623552958454907,0.8125,0.07692307692307693
54,anfis,0,0.704407670081429,-0.08448159116540999,0.4781560283687943,0.3472222222222222,0.25019647599554357,0.8278933035970588,0.28205128205128205,-0.23106060606060602
54,har,0,0.7787549251379038,0.0,0.5,0.6527777777777778,0.01453504157700114,0.9999369519574424,0.8012820512820513,0.18533333333333335
54,garch,0,0.7809088521145259,0.0,0.5,0.6527777777777778,0.012606591739630468,0.9855535070648459,0.8012820512820513,0.18533333333333335
54,majority,0,0.5,0.0,0.5,0.6527777777777778,0.3472222222222222,1.0,0.8012820512820513,0.0
55,tcn,0,0.7108978880268287,0.25945694349970394,0.6326770291311233,0.6931089743589745,0.16083020108560914,0.5361532281078212,0.5711805555555556,-0.21346738368014975
55,anfis,0,0.7771738459067831,0.026563417782571718,0.5046941977245494,0.2762345679012346,0.3141221181937942,0.87246910173557,0.42948717948717946,0.35682697622996123
55,har,0,0.6349767143086559,0.0,0.5,0.7391975308641975,0.07180677285900983,0.9997574892292797,0.6538461538461539,-0.1305374001452432
55,garch,0,0.6161875702585515,0.0,0.5,0.7391975308641975,0.06884852641509298,0.9817263237074717,0.6538461538461539,-0.1305374001452432
55,majority,0,0.5,0.0,0.5,0.7391975308641975,0.26080246913580246,1.0,0.6538461538461539,0.0
56,tcn,0,0.6709151785714286,0.2875629515555434,0.6167857142857143,0.6963141025641026,0.05261345108439669,0.605825889387295,0.8802083333333333,0.20892125625853422
56,anfis,0,0.7323666929340688,0.028672722730399638,0.5011820330969267,0.3487654320987654,0.2488439196237812,0.8795737765703995,0.09935897435897435,-2.5101553166069297
56,har,0,0.4861570790648805,0.0,0.5,0.6527777777777778,0.014609113533979035,0.9998458765815866,0.9230769230769231,0.2928240740740741
56,garch,0,0.5426109797741003,0.0,0.5,0.6527777777777778,0.018058859569829222,0.9894003776083401,0.9230769230769231,0.2928240740740741
56,majority,0,0.5,0.0,0.5,0.6527777777777778,0.3472222222222222,1.0,0.9230769230769231,0.0
57,tcn,0,0.6756572012982269,0.31224812363479837,0.6424501424501424,0.6666666666666667,0.06147605683415744,0.5518336020819248,0.6579861111111112,-0.013192612137203203
57,anfis,0,0.7145089285714286,0.048534867145655324,0.5027173913043478,0.4351851851851852,0.16760613796887572,0.867732612008726,0.41346153846153844,-0.052540913006029324
57,har,0,0.5789499223602484,0.0,0.5,0.5679012345679012,0.09953111888948407,0.9997650696597372,0.5865384615384616,0.03177494434325045
57,garch,0,0.5592294254658385,0.0,0.5,0.5679012345679012,0.1030029756450353,0.9894366387415163,0.5865384615384616,0.03177494434325045
57,majority,0,0.5,0.0,0.5,0.5679012345679012,0.43209876543209874,1.0,0.5865384615384616,0.0
58,tcn,0,0.7185202205882353,0.31459854018574823,0.658255347593583,0.6514423076923077,0.10583895718893752,0.5238438191524764,0.6475694444444444,-0.005980614559703096
58,anfis,0,0.7284242018047421,0.0004187445714616416,0.5000437101145205,0.43209876543209874,0.17405582117031757,0.8486009075193865,0.34615384615384615,-0.2482853223593964
58,har,0,0.48557080552884385,0.0,0.5,0.5694444444444444,0.09785619738782575,0.9999559702374888,0.6538461538461539,0.12908496732026148
58,garch,0,0.4413555963516624,0.0,0.5,0.5694444444444444,0.09338387136971837,0.9791275277346343,0.6538461538461539,0.12908496732026148
58,majority,0,0.5,0.0,0.5,0.5694444444444444,0.4305555555555556,1.0,0.6538461538461539,0.0
59,tcn,0,0.7221576977674538,0.2518057217730093,0.6158375274228933,0.5681089743589743,0.1871838169769408,0.6797737086709439,0.6267361111111112,0.09354357553803548
59,anfis,0,0.6094017094017093,-0.12318772938875705,0.46094215861657717,0.38271604938271603,0.21871367041613782,0.7517903910630367,0.5865384615384616,0.3475005059704514
59,har,0,0.4315444245676804,0.0,0.5,0.6018518518518519,0.06544481708787403,0.9999997697191554,0.40705128205128205,-0.47856517935258097
59,garch,0,0.6974657125819917,0.0,0.5,0.6018518518518519,0.06033144380997796,0.9885384004541502,0.40705128205128205,-0.47856517935258097
59,majority,0,0.5,0.0,0.5,0.6018518518518519,0.39814814814814814,1.0,0.40705128205128205,0.0
60,tcn,0,0.7873966796185093,0.3481396287283009,0.703274461321088,0.6674679487179487,0.2764339999904713,0.49720394143822283,0.6597222222222222,-0.011740890688259068
60,anfis,0,0.7197724230254352,0.1536861354696332,0.5714457831325301,0.38425925925925924,0.33779580822145483,0.8226009081237895,0.44551282051282054,0.1374900079936052
60,har,0,0.7292771084337349,0.0,0.5,0.7685185185185185,0.10129093060864222,0.9998726160103902,0.6378205128205128,-0.2049134561697376
60,garch,0,0.7264926372155288,0.0,0.5,0.7685185185185185,0.10909624825410999,0.9698931213065345,0.6378205128205128,-0.2049134561697376
60,majority,0,0.5,0.0,0.5,0.7685185185185185,0.23148148148148148,1.0,0.6378205128205128,0.0
61,tcn,0,0.867789680691404,0.5206720233378195,0.7567613724576929,0.7467948717948718,0.13058734723390675,0.4772157931156309,0.5972222222222223,-0.25044722719141305
61,anfis,0,0.7910614417588341,0.10240535308588601,0.5296139074186376,0.4876543209876543,0.19038006391974144,0.8170443472585299,0.40705128205128205,-0.19801691455234763
61,har,0,0.7586319751268205,0.0,0.5,0.5509259259259259,0.11636964650666642,0.9998347166077647,0.7307692307692307,0.2461013645224171
61,garch,0,0.8192844147968465,0.0,0.5,0.5509259259259259,0.10583852572338653,0.962885270253003,0.7307692307692307,0.2461013645224171
61,majority,0,0.5,0.0,0.5,0.5509259259259259,0.44907407407407407,1.0,0.7307692307692307,0.0
62,tcn,1,0.7004322719738254,0.3460440378668662,0.6536055166137612,0.702724358974359,0.1580194676022914,0.3804427562313121,0.7465277777777778,0.058676207513416755
62,anfis,1,0.7137155116499525,0.22879011097292465,0.5918275707229457,0.5216049382716049,0.1971938816577564,0.7938932597650082,0.3717948717948718,-0.4029374201787994
62,har,1,0.8267923963478522,0.0,0.5,0.6064814814814815,0.06083957726396899,0.9999365027972087,0.6442307692307693,0.05859590934217802
62,garch,1,0.8074240383176171,0.0653227776847352,0.5086364316719054,0.6111111111111112,0.04162636015075365,0.9352068430825982,0.6442307692307693,0.051409618573797666
62,majority,1,0.5,0.0,0.5,0.6064814814814815,0.39351851851851855,1.0,0.6442307692307693,0.0
63,tcn,0,0.7133760041800012,0.29035956142898334,0.6814300176343805,0.6546474358974359,0.2756758030512943,0.49261686980099745,0.7361111111111112,0.11066763425253996
63,anfis,0,0.5915196658978994,0.04673381717274079,0.5195568160568472,0.2762345679012346,0.375502167062627,0.8575260750049736,0.5224358974358975,0.47125653260622585
63,har,0,0.5341426167175716,0.0,0.5,0.8117283950617284,0.14438353961796413,0.9997216427902653,0.4423076923076923,-0.8352120236178209
63,garch,0,0.641525899146045,-0.06615293366162683,0.48859315589353614,0.7932098765432098,0.15222233778118,0.9326179979330876,0.4423076923076923,-0.7933440687063875
63,majority,0,0.5,0.0,0.5,0.8117283950617284,0.1882716049382716,1.0,0.4423076923076923,0.0
64,tcn,0,0.7520194484461823,0.3055950797928362,0.6321902654867257,0.7475961538461539,0.09785175879015019,0.48573256184044034,0.6579861111111112,-0.13618834990866646
64,anfis,0,0.7490595075239399,0.19207698864474965,0.568765878444401,0.37191358024691357,0.3085284839717694,0.8629779174808103,0.2948717948717949,-0.26127214170692425
64,har,0,0.654485049833887,0.0,0.5,0.7345679012345679,0.06692268960629078,0.9995598095814274,0.7275641025641025,-0.009626366454560388
64,garch,0,0.680733339847567,0.0,0.5,0.7345679012345679,0.05532480059560796,0.981769925252777,0.7275641025641025,-0.009626366454560388
64,majority,0,0.5,0.0,0.5,0.7345679012345679,0.2654320987654321,1.0,0.7275641025641025,0.0
65,tcn,0,0.6292645155325445,0.29041777631912247,0.6298076923076923,0.7051282051282051,0.14165809550561392,0.5415315757526484,0.78125,0.09743589743589752
65,anfis,0,0.6659140068583487,0.03045446821307022,0.5037509891849116,0.35185185185185186,0.2365752551014777,0.8759297413389845,0.38461538461538464,0.08518518518518521
65,har,0,0.6483038776048535,0.0,0.5,0.6558641975308642,0.011544272722585569,0.9995654642109171,0.7660256410256411,0.1438090810475748
65,garch,0,0.653157478237932,0.09954523514591841,0.5100342917436033,0.6620370370370371,0.012425763533542071,0.9364058460562263,0.7660256410256411,0.13575081357508134
65,majority,0,0.5,0.0,0.5,0.6558641975308642,0.3441358024691358,1.0,0.7660256410256411,0.0
66,tcn,0,0.5861941964285714,0.1080705055916199,0.5555357142857142,0.5737179487179487,0.1887577933107073,0.44705783740990196,0.6822916666666667,0.15913094539048753
66,anfis,0,0.6070841305134702,-0.04019772258174281,0.4943533791819639,0.3595679012345679,0.23734424451802982,0.8615618162050813,0.30128205128205127,-0.1934594168636722
66,har,0,0.5555613009979833,0.0,0.5,0.6404320987654321,0.02689656667327711,0.9993005929397005,0.7051282051282052,0.09175084175084187
66,garch,0,0.5389937432131962,-0.029457899204671685,0.4987951807228916,0.6388888888888888,0.025737416605055092,0.9299702581103079,0.7051282051282052,0.09393939393939407
66,majority,0,0.5,0.0,0.5,0.6404320987654321,0.3595679012345679,1.0,0.7051282051282052,0.0
67,tcn,1,0.550307888927617,0.05680502468771054,0.531757096936602,0.5368589743589743,0.2435620058445821,0.5111116963734627,0.5590277777777777,0.03965599617773517
67,anfis,1,0.5363273237612005,0.042723533129102056,0.5088704163517939,0.2962962962962963,0.28493296290621345,0.8976864234304783,0.4198717948717949,0.2943172179813402
67,har,1,0.43674355560353617,0.0,0.5,0.7268518518518519,0.05951256490168849,0.9998842956503197,0.5673076923076923,-0.28123038292529823
67,garch,1,0.4419854378830952,0.0,0.5,0.7268518518518519,0.059480376997984266,0.9714346386288213,0.5673076923076923,-0.28123038292529823
67,majority,1,0.5,0.0,0.5,0.7268518518518519,0.27314814814814814,1.0,0.5673076923076923,0.0
68,tcn,0,0.5967265696428303,0.07533723172910008,0.5396626148473449,0.6642628205128205,0.1702759470551824,0.6633741919828497,0.6388888888888888,-0.039715719063545186
68,anfis,0,0.602118673405802,0.04077960487164786,0.5078584781555079,0.24074074074074073,0.35025247816502314,0.8903348788711929,0.3557692307692308,0.32332332332332336
68,har,0,0.5083846846223083,0.0,0.5,0.779320987654321,0.11192919289357003,0.999897025932076,0.6538461538461539,-0.19190268700072624
68,garch,0,0.5246139998615247,0.0,0.5,0.779320987654321,0.10873160546657698,0.9935501789639138,0.6538461538461539,-0.19190268700072624
68,majority,0,0.5,0.0,0.5,0.779320987654321,0.22067901234567902,1.0,0.6538461538461539,0.0
69,tcn,0,0.7078302382891847,0.31377992334255655,0.6564062773888206,0.6530448717948718,0.06416081865795721,0.7006332056394718,0.6302083333333333,-0.03623649078194547
69,anfis,0,0.6823919626976879,0.1299517916522573,0.5314185454021055,0.48919753086419754,0.17287560563856438,0.829517138477734,0.23076923076923078,-1.1198559670781891
69,har,0,0.30704225352112674,0.0,0.5,0.5478395061728395,0.11945666248597164,0.9999985883080612,0.7884615384615384,0.3051791629027401
69,garch,0,0.7217997404220545,0.0,0.5,0.5478395061728395,0.11727765351716385,0.9846785940087206,0.7884615384615384,0.3051791629027401
69,majority,0,0.5,0.0,0.5,0.5478395061728395,0.4521604938271605,1.0,0.7884615384615384,0.0
70,tcn,1,0.7955555555555556,0.44858543679976187,0.7459386973180077,0.733974358974359,0.2223511447246449,0.70039917388766,0.6631944444444444,-0.10672573499798643
70,anfis,1,0.5532169927727835,-0.026659767964667316,0.49167988718491096,0.3132716049382716,0.3209860563726613,0.8171116792720565,0.4551282051282051,0.31168492436098066
70,har,1,0.5322874434455608,0.0,0.5,0.7175925925925926,0.05029787711615563,0.9999363420886117,0.48717948717948717,-0.47295321637426896
70,garch,1,0.7043422057700217,0.0,0.5,0.7175925925925926,0.05248697448663109,0.98887997016339,0.48717948717948717,-0.47295321637426896
70,majority,1,0.5,0.0,0.5,0.7175925925925926,0.2824074074074074,1.0,0.48717948717948717,0.0
